编号,开始答题时间,结束答题时间,答题时长,地理位置国家和地区,地理位置省,地理位置市,自定义字段,1.你的性别,2.身高: ________:1[题目填空],3.体重: ________:1[题目填空]
129,2020/10/30 11:07,2020/10/30 11:08,56,中国,北京市,北京市,,A.男生,"	1.69","	62.5"
128,2020/10/29 0:15,2020/10/29 0:15,19,中国,北京市,北京市,,B.女生,"	1.61","	52.8"
127,2020/10/28 18:02,2020/10/28 18:04,93,中国,北京市,北京市,,A.男生,"	1.65","	61"
126,2020/10/28 15:14,2020/10/28 15:16,67,日本,,,,A.男生,"	1.72","	77"
125,2020/10/28 13:57,2020/10/28 13:58,28,中国,北京市,北京市,,A.男生,"	1.71","	60"
124,2020/10/28 12:27,2020/10/28 12:29,147,中国,北京市,北京市,,B.女生,"	1.63","	51.2"
123,2020/10/28 12:00,2020/10/28 12:00,31,中国,北京市,北京市,,A.男生,"	1.75","	65"
122,2020/10/28 11:42,2020/10/28 11:43,56,中国,北京市,北京市,,B.女生,"	1.63","	47"
121,2020/10/28 11:42,2020/10/28 11:42,27,中国,北京市,北京市,,B.女生,"	1.58","	50"
120,2020/10/28 11:38,2020/10/28 11:39,32,中国,北京市,北京市,,A.男生,"	1.75","	65"
119,2020/10/28 11:35,2020/10/28 11:36,61,中国,北京市,北京市,,A.男生,"	1.66","	56"
118,2020/10/28 11:16,2020/10/28 11:16,28,中国,北京市,北京市,,A.男生,"1.7
","	60"
117,2020/10/28 11:16,2020/10/28 11:16,20,中国,北京市,北京市,,A.男生,"	1.78","	48"
116,2020/10/28 11:15,2020/10/28 11:16,57,中国,北京市,北京市,,B.女生,"	1.67","	47"
115,2020/10/28 11:13,2020/10/28 11:14,57,中国,北京市,北京市,,A.男生,"	1.78","	58"
114,2020/10/28 11:08,2020/10/28 11:08,22,中国,北京市,北京市,,A.男生,"	1.75","	73"
113,2020/10/28 11:07,2020/10/28 11:08,20,中国,北京市,北京市,,A.男生,"	1.8","	103"
112,2020/10/28 11:06,2020/10/28 11:07,19,中国,北京市,北京市,,A.男生,"	1.78","	65"
111,2020/10/28 11:05,2020/10/28 11:06,38,中国,北京市,北京市,,B.女生,"	1.62","	50"
110,2020/10/28 11:05,2020/10/28 11:05,18,中国,北京市,北京市,,A.男生,"	1.65","	59"
109,2020/10/28 10:58,2020/10/28 10:59,49,中国,北京市,北京市,,B.女生,"	1.54","	38"
108,2020/10/28 9:51,2020/10/28 9:52,36,中国,北京市,北京市,,A.男生,"	1.85","	67"
107,2020/10/28 0:30,2020/10/28 0:30,36,中国,北京市,北京市,,A.男生,"	1.72","	62"
106,2020/10/27 23:25,2020/10/27 23:26,30,中国,北京市,北京市,,B.女生,"	1.54","	53"
105,2020/10/27 23:16,2020/10/27 23:16,26,中国,北京市,北京市,,A.男生,"	1.78","	67"
104,2020/10/27 22:59,2020/10/27 22:59,49,中国,北京市,北京市,,B.女生,"	1.99","	199.99"
103,2020/10/27 22:13,2020/10/27 22:23,570,中国,北京市,北京市,,A.男生,"	1.65","	54"
102,2020/10/27 22:12,2020/10/27 22:13,56,中国,北京市,北京市,,A.男生,"	1.77","	100"
101,2020/10/27 22:07,2020/10/27 22:08,52,中国,北京市,北京市,,A.男生,"	1.81","	79"
100,2020/10/27 22:02,2020/10/27 22:03,17,中国,北京市,北京市,,A.男生,"	1.83","	74"
99,2020/10/27 21:58,2020/10/27 21:59,42,中国,北京市,北京市,,A.男生,"	1.73","	65"
98,2020/10/27 21:49,2020/10/27 21:49,24,中国,北京市,北京市,,A.男生,"	1.73","	56"
97,2020/10/27 21:47,2020/10/27 21:47,27,中国,北京市,北京市,,B.女生,"1.8
","	68"
96,2020/10/27 21:39,2020/10/27 21:40,48,中国,北京市,北京市,,B.女生,"	1.61","	53"
95,2020/10/27 21:06,2020/10/27 21:06,21,中国,北京市,北京市,,A.男生,"	1.8","	70"
94,2020/10/27 21:05,2020/10/27 21:06,32,中国,北京市,北京市,,A.男生,"	1.7","	50"
93,2020/10/27 20:57,2020/10/27 20:58,30,中国,北京市,北京市,,A.男生,"	1.67","	60"
92,2020/10/27 20:57,2020/10/27 20:58,23,中国,北京市,北京市,,A.男生,"	1.70","	70"
91,2020/10/27 20:57,2020/10/27 20:57,37,中国,北京市,北京市,,B.女生,"	1.66","	49"
90,2020/10/27 20:48,2020/10/27 20:48,26,中国,北京市,北京市,,A.男生,"	1.78","	93"
89,2020/10/27 20:42,2020/10/27 20:43,79,中国,北京市,北京市,,A.男生,"	2.0","	87"
88,2020/10/27 20:42,2020/10/27 20:43,71,中国,北京市,北京市,,A.男生,"	1.8","	65"
87,2020/10/27 20:38,2020/10/27 20:39,26,中国,北京市,北京市,,A.男生,"	1.63","	62"
86,2020/10/27 20:38,2020/10/27 20:39,43,中国,北京市,北京市,,B.女生,"	1.75","	56"
85,2020/10/27 20:37,2020/10/27 20:38,35,中国,北京市,北京市,,A.男生,"	1.83","	75"
84,2020/10/27 20:29,2020/10/27 20:30,36,中国,北京市,北京市,,A.男生,"	1.79","	75"
83,2020/10/27 20:28,2020/10/27 20:29,24,中国,北京市,北京市,,A.男生,"	1.67","	70"
82,2020/10/27 20:28,2020/10/27 20:28,32,中国,北京市,北京市,,A.男生,"	1.83","	170"
81,2020/10/27 20:26,2020/10/27 20:27,67,中国,北京市,北京市,,A.男生,"	1.70","	55"
80,2020/10/27 20:25,2020/10/27 20:26,71,中国,北京市,北京市,,A.男生,"	1.8","	88"
79,2020/10/27 20:25,2020/10/27 20:25,19,中国,北京市,北京市,,A.男生,"	1.7","	75"
78,2020/10/27 20:22,2020/10/27 20:23,24,中国,北京市,北京市,,A.男生,"	1.75","	69"
77,2020/10/27 20:13,2020/10/27 20:14,32,中国,北京市,北京市,,A.男生,"	1.85","	86"
76,2020/10/27 20:10,2020/10/27 20:12,81,中国,北京市,北京市,,A.男生,"	1.62","	61"
75,2020/10/27 20:10,2020/10/27 20:11,22,中国,北京市,北京市,,A.男生,"	1.85","	74"
74,2020/10/27 20:08,2020/10/27 20:09,41,中国,北京市,北京市,,A.男生,"	1.73","	55.8"
73,2020/10/27 20:07,2020/10/27 20:08,23,中国,北京市,北京市,,A.男生,"	1.79","	65"
72,2020/10/27 20:06,2020/10/27 20:06,35,中国,北京市,北京市,,A.男生,"	1.73","	63"
71,2020/10/27 20:06,2020/10/27 20:06,27,中国,北京市,北京市,,A.男生,"	1.75","	70"
70,2020/10/27 20:05,2020/10/27 20:05,26,中国,北京市,北京市,,A.男生,"	1.76","	62"
69,2020/10/27 19:43,2020/10/27 19:44,93,中国,北京市,北京市,,B.女生,"	2","	200"
68,2020/10/27 19:38,2020/10/27 19:39,39,中国,北京市,北京市,,A.男生,"	1.73","	60"
67,2020/10/27 19:36,2020/10/27 19:36,23,中国,北京市,北京市,,A.男生,"	1.78","	63"
66,2020/10/27 19:32,2020/10/27 19:32,20,中国,北京市,北京市,,A.男生,"	1.72","	60"
65,2020/10/27 19:30,2020/10/27 19:31,65,中国,北京市,北京市,,A.男生,"	1.82","	100"
64,2020/10/27 19:30,2020/10/27 19:30,36,中国,北京市,北京市,,A.男生,"	2","	50"
63,2020/10/27 19:29,2020/10/27 19:29,25,中国,北京市,北京市,,A.男生,"	1.74","	72"
62,2020/10/27 19:28,2020/10/27 19:28,22,中国,北京市,北京市,,A.男生,"	1.75","	56"
61,2020/10/27 19:25,2020/10/27 19:27,92,中国,北京市,北京市,,A.男生,"	1.76","	72.35"
60,2020/10/27 19:24,2020/10/27 19:25,76,中国,北京市,北京市,,B.女生,"	1.63","	48.5"
59,2020/10/27 19:23,2020/10/27 19:24,29,中国,北京市,北京市,,A.男生,"	1.78","	70"
58,2020/10/27 19:23,2020/10/27 19:23,38,中国,北京市,北京市,,A.男生,"	1.83","	72"
57,2020/10/27 19:21,2020/10/27 19:22,31,中国,北京市,北京市,,A.男生,"	1.70","	54"
56,2020/10/27 19:21,2020/10/27 19:22,22,中国,北京市,北京市,,A.男生,"	1.65","	65"
55,2020/10/27 19:18,2020/10/27 19:18,24,中国,北京市,北京市,,A.男生,"	1.81","	83"
54,2020/10/27 19:17,2020/10/27 19:17,36,中国,北京市,北京市,,A.男生,"	1.75","	80"
53,2020/10/27 19:12,2020/10/27 19:15,196,中国,北京市,北京市,,A.男生,"	1.68","	72.3"
52,2020/10/27 19:14,2020/10/27 19:15,19,中国,北京市,北京市,,A.男生,"	1.73","	69"
51,2020/10/27 19:14,2020/10/27 19:14,19,中国,北京市,北京市,,A.男生,"	1.83","106
"
50,2020/10/27 19:13,2020/10/27 19:14,36,中国,北京市,北京市,,A.男生,"	1.76","	85"
49,2020/10/27 19:13,2020/10/27 19:13,23,中国,北京市,北京市,,A.男生,"	1.8","	65"
48,2020/10/27 19:12,2020/10/27 19:13,47,中国,北京市,北京市,,A.男生,"	1.75","	86"
47,2020/10/27 19:11,2020/10/27 19:11,21,中国,北京市,北京市,,A.男生,"	1.8","	72"
46,2020/10/27 19:07,2020/10/27 19:08,29,中国,北京市,北京市,,A.男生,"	1.8","	95"
45,2020/10/27 19:07,2020/10/27 19:07,53,中国,北京市,北京市,,A.男生,"	1.78","	36"
44,2020/10/27 19:06,2020/10/27 19:07,35,中国,北京市,北京市,,B.女生,"	1.63","	46"
43,2020/10/27 19:06,2020/10/27 19:06,25,中国,北京市,北京市,,A.男生,"	1.74","	98"
42,2020/10/27 19:03,2020/10/27 19:03,40,中国,北京市,北京市,,A.男生,"	1.76","	57"
41,2020/10/27 19:02,2020/10/27 19:03,21,中国,北京市,北京市,,A.男生,"	1.7","	60"
40,2020/10/27 19:00,2020/10/27 19:00,26,中国,北京市,北京市,,B.女生,"	1.68","	57.5"
39,2020/10/27 19:00,2020/10/27 19:00,34,中国,北京市,北京市,,B.女生,"	1.58","	45"
38,2020/10/27 18:48,2020/10/27 18:59,669,中国,北京市,北京市,,A.男生,"	1.73","	75"
37,2020/10/27 18:56,2020/10/27 18:56,32,中国,北京市,北京市,,A.男生,"	1.78","	70"
36,2020/10/27 18:55,2020/10/27 18:56,25,中国,北京市,北京市,,A.男生,"	1.70","	57"
35,2020/10/27 18:54,2020/10/27 18:55,98,中国,北京市,北京市,,B.女生,"	1.68","56
"
34,2020/10/27 18:55,2020/10/27 18:55,19,中国,北京市,北京市,,A.男生,"	1.85","	85"
33,2020/10/27 18:54,2020/10/27 18:54,34,中国,北京市,北京市,,A.男生,"	1.79","	65"
32,2020/10/27 18:53,2020/10/27 18:54,46,中国,北京市,北京市,,A.男生,"	1.75","	67"
31,2020/10/27 18:47,2020/10/27 18:53,378,中国,北京市,北京市,,A.男生,"	1.72","	80"
30,2020/10/27 18:52,2020/10/27 18:53,44,中国,北京市,北京市,,A.男生,"	1.7","	73"
29,2020/10/27 18:52,2020/10/27 18:52,17,中国,北京市,北京市,,A.男生,"	1.71","	67"
28,2020/10/27 18:50,2020/10/27 18:52,111,中国,北京市,北京市,,B.女生,"	1.60","	42"
27,2020/10/27 18:52,2020/10/27 18:52,22,中国,北京市,北京市,,A.男生,"	1.72","	76"
26,2020/10/27 18:51,2020/10/27 18:52,30,中国,北京市,北京市,,A.男生,"	1.69","	52"
25,2020/10/27 18:51,2020/10/27 18:52,31,中国,北京市,北京市,,A.男生,"	1.69","	63.5"
24,2020/10/27 18:50,2020/10/27 18:51,58,中国,北京市,北京市,,A.男生,"	1.79","	65"
23,2020/10/27 18:51,2020/10/27 18:51,41,中国,北京市,北京市,,B.女生,"	1.59","	52"
22,2020/10/27 18:50,2020/10/27 18:51,49,中国,北京市,北京市,,A.男生,"	1.8","	72"
21,2020/10/27 18:50,2020/10/27 18:51,39,中国,北京市,北京市,,A.男生,"	1.63","	53"
20,2020/10/27 18:50,2020/10/27 18:51,37,中国,北京市,北京市,,A.男生,"	1.7","	63"
19,2020/10/27 18:49,2020/10/27 18:50,55,中国,北京市,北京市,,A.男生,"	1.71","	58"
18,2020/10/27 18:49,2020/10/27 18:50,43,中国,北京市,北京市,,A.男生,"	1.88","	80"
17,2020/10/27 18:48,2020/10/27 18:49,43,中国,北京市,北京市,,A.男生,"	1.82","	65"
16,2020/10/27 18:48,2020/10/27 18:49,34,中国,北京市,北京市,,B.女生,"	1.54","	53"
15,2020/10/27 18:48,2020/10/27 18:48,33,中国,北京市,北京市,,A.男生,"	1.8","	78"
14,2020/10/27 18:47,2020/10/27 18:47,37,中国,北京市,北京市,,A.男生,"	1.73","	65"
13,2020/10/27 18:47,2020/10/27 18:47,20,中国,北京市,北京市,,A.男生,"	1.75","	89"
12,2020/10/27 18:47,2020/10/27 18:47,26,中国,北京市,北京市,,A.男生,"	1.83","	70"
11,2020/10/27 18:45,2020/10/27 18:46,39,中国,北京市,北京市,,A.男生,"	1.7","	65"
10,2020/10/27 18:45,2020/10/27 18:45,47,中国,北京市,北京市,,A.男生,"	1.85","	95"
9,2020/10/27 18:44,2020/10/27 18:44,22,中国,北京市,北京市,,A.男生,"	1.78","	55"
8,2020/10/27 18:44,2020/10/27 18:44,25,中国,北京市,北京市,,A.男生,"	1.79","	62"
7,2020/10/27 18:43,2020/10/27 18:44,23,中国,北京市,北京市,,A.男生,"	1.72","	50"
6,2020/10/27 18:42,2020/10/27 18:42,28,中国,北京市,北京市,,A.男生,"	1.68","	57"
5,2020/10/27 18:42,2020/10/27 18:42,16,中国,北京市,北京市,,B.女生,"	1.60","	57"
4,2020/10/27 18:41,2020/10/27 18:42,43,中国,北京市,北京市,,A.男生,"	1.75","	61"
3,2020/10/27 18:41,2020/10/27 18:42,29,中国,北京市,北京市,,B.女生,"	1.65","	60"
2,2020/10/27 18:41,2020/10/27 18:42,33,中国,北京市,北京市,,B.女生,"	1.68","	53"
1,2020/10/27 18:41,2020/10/27 18:42,24,中国,北京市,北京市,,A.男生,"	1.78","	65"
